<!-- Echo's notes, delete me when no longer relevent.
	Notes:
		- Got into a death loop while retreiving "Sealed Jug (34641)."  There's an elite named Garn Nighthowl that will 1-hit the player.
			*Also applies for Supply Dump (33942), both have been commented out.

	Test 1:
		- 16 Treasures Gained, several left in the zone but require some 'technicalities' to get to.  
		- Death loop while getting Sealed Jug (34641), commented this section out.
		- As Hunter, Disengaged off cliff onto un-navvable area.  Had to manually fix.  Reccomended that any class with a jump-back / fly-forward spell have it deactivated.

	Test 2:
		- 23 Treasures Gained.
		- Stuck while going to Survivalist's Cache.
		- Died while retreiving Burning Pearl.
		- Interaction issues with Iron Horde Supplies.

	Test 3
		- 23 Treasures Gained.
		- Ran through Stonefang Outpost (Horde camp) as Alliance while going to Forgotten Supplies from Obsidian Petroglyph.
		- Failed to get Gnawed Bone
-->
<HBProfile>
	<Name>Hawker's 'Frostfire Treasure Hunter' Profile</Name>
	
	
	<MinDurability>0.2</MinDurability>
	<MinFreeBagSlots>2</MinFreeBagSlots>

	<MailGrey>false</MailGrey>
	<MailWhite>false</MailWhite>
	<MailGreen>false</MailGreen>
	<MailBlue>true</MailBlue>
	<MailPurple>true</MailPurple>

	<SellGrey>true</SellGrey>
	<SellWhite>true</SellWhite>
	<SellGreen>true</SellGreen>
	<SellBlue>true</SellBlue>
	<SellPurple>false</SellPurple>

	<UseMount>True</UseMount>

	<TargetElites>True</TargetElites>

	<Blacklist>
		<Mob Name="Marsh Anaconda" Id="87039" />
	</Blacklist>

	<Vendors>
		<!--Shadowmoon Valley:-->
		<!--Exile's Rise-->
		<Vendor Name="Mokarg" Entry="76198" Type="Repair" X="1475.611" Y="-790.243" Z="38.12963" />
		<Vendor Name="Rovan Astalan" Entry="81614" Type="Repair" X="-780.2448" Y="-677.118" Z="108.6697" />
		<!--__________________________________________________________________________________________________________________________________________-->
		<!--Spires of Arak:-->
		<!--Veil Terokk-->
		<Vendor Name="Kuro'ak" Entry="86386" Type="Food" X="-394.9809" Y="1852.606" Z="53.45683" />
		<Vendor Name="Ruuan the Seer" Entry="87775" Type="Repair" X="-432.757" Y="1850.8" Z="41.6203" />
		<!--Pinchwhistle Gearworks-->
		<Vendor Name="Twizix Copperbomb" Entry="82183" Type="Repair" X="-1483.905" Y="981.5174" Z="8.025256" />

		<!--__________________________________________________________________________________________________________________________________________-->
		<!--Talador:-->
		<!--Anchorite's Sojourn-->
		<Vendor Name="Caregiver Uluura" Entry="75430" Type="Food" X="2144.236" Y="1232.42" Z="117.2146" />
		<!--Shattrath City-->
		<Vendor Name="Reema" Entry="86317" Type="Repair" X="2663.982" Y="2796.673" Z="246.1862" />
		<Vendor Name="Bordos" Entry="82635" Type="Repair" X="2617.845" Y="2823.831" Z="242.3916" />
		<Vendor Name="Fiaana" Entry="82636" Type="Food" X="2620.902" Y="2783.97" Z="242.3923" />
		<!--Zangarra-->
		<Vendor Name="James Lamone" Entry="80930" Type="Repair" X="3214.887" Y="835.0538" Z="80.63318" />
		<!--__________________________________________________________________________________________________________________________________________-->
		<!--Nagrand:-->
		<!--The Ring of Trials-->
		<Vendor Name="Grogglefitz" Entry="79199" Type="Food" X="3013.191" Y="4762.819" Z="128.275" />
		<Vendor Name="Pyxni Pennypocket" Entry="79310" Type="Repair" X="3085.323" Y="4849.036" Z="128.3325" />
		<!--__________________________________________________________________________________________________________________________________________-->
		<!--Gorgrond:-->
		<!--Breaker's Crown-->
		<Vendor Name="Budgy" Entry="84234" Type="Repair" X="6610.504" Y="1286.526" Z="64.83815" />
		<!--__________________________________________________________________________________________________________________________________________-->
		<!--Frostfire Ridge: Bloodmaul Slag Mines-->
		<Vendor Name="Urkag" Entry="85545" Type="Repair" X="7400.561" Y="4335.775" Z="126.4071" />
		<Vendor Name="Barduun" Entry="85547" Type="Food" X="7370.463" Y="4342.348" Z="127.2008" />
		<!--__________________________________________________________________________________________________________________________________________-->
		<!--Garrison Vendors-->
		<Vendor Name="Provisioner Hanfa" Entry="81346" Type="Repair" X="1854.957" Y="269.2205" Z="76.63961" UsableWhen="Me.IsAlliance" />
		<Vendor Name="Supplymaster Eri" Entry="76872" Type="Repair" X="5626.828" Y="4629.681" Z="139.3038" UsableWhen="Me.IsHorde" />
	</Vendors>
	<!--MAILBOXES-->
	<Mailboxes>
		<!--Shattrath City-->
		<Mailbox X="2614.091" Y="2799.328" Z="242.3915" />
		<!--Fort Wrynn-->
		<!--Zangarra-->
		<Mailbox X="3183.211" Y="773.5329" Z="78.33458" />
		<!--Pinchwhistle Gearworks-->
		<Mailbox X="-1567.494" Y="942.592" Z="10.57905" />
		<!--Garrison-->
		<Mailbox X="1923.274" Y="299.2899" Z="88.96642" UsableWhen="Me.IsAlliance" />
		<Mailbox X="5580.682" Y="4570.392" Z="136.558" UsableWhen="Me.IsHorde" />
	</Mailboxes>



	<QuestOrder>		

		<CustomBehavior File="RunCode" Code="RoutineManager.SetCapabilityState(CapabilityFlags.MultiMobPull, CapabilityState.Disallowed);"/>
		<DisableBehavior Name="Pull" />
		<CustomBehavior File="UserSettings" HarvestHerbs="false" HarvestMinerals="false" /> <!-- Harvesting will bug out CTMs. --> 

		<If Condition="Me.ZoneId == 7078 || Me.ZoneId == 7004" >
			<CustomBehavior File="RunCode" Code="Logging.Write(System.Windows.Media.Colors.BlueViolet, &quot;[Profile Notification]: Going to vendor and mail before we start farming.&quot;);" />
			<CustomBehavior File="ForceSetVendor" DoSell="true" DoRepair="true" />
		</If>

		<If Condition="Me.IsAlliance &amp;&amp; Me.ZoneId != 6720">
			<MoveTo DestName="Iron Siegeworks Flight Path" X="5722.815" Y="2164.549" Z="157.5754" />
		</If>

		<!-- Need flight
		<If Condition="!IsQuestCompleted(33940)" >
		<MoveTo DestName="Crag-Leaper's Cache" X="6980.578" Y="4897.733" Z="185.2966" />
		<CustomBehavior File="InteractWith" MobIds="226983" ProactiveCombatStrategy="ClearMobsThatWillAggro" MovementBy="NavigatorOnly" >
			<HuntingGrounds>
				<Hotspot Name="Crag-Leaper's Cache" X="6980.578" Y="4897.733" Z="185.2966" />
			</HuntingGrounds>
		</CustomBehavior>
		</If>
		-->

		<If Condition="!IsQuestCompleted(33502)" >
			<MoveTo DestName="Obsidian Petroglyph" X="6733.249" Y="5164.507" Z="264.0651" />
			<CustomBehavior File="InteractWith" MobIds="224616" ProactiveCombatStrategy="ClearMobsThatWillAggro" MovementBy="NavigatorOnly" >
				<HuntingGrounds>
					<Hotspot Name="Obsidian Petroglyph" X="6733.249" Y="5164.507" Z="264.0651" />
				</HuntingGrounds>
			</CustomBehavior>
			<If Condition="HasItem(112087)" ><CustomBehavior File="UseItem" ItemId="112087" /></If>
		</If>

		<If Condition="!IsQuestCompleted(34841)" >
			<MoveTo DestName="Forgotten Supplies" X="6007.518" Y="4836.484" Z="163.8711" />
			<CustomBehavior File="InteractWith" MobIds="230909" ProactiveCombatStrategy="ClearMobsThatWillAggro" MovementBy="NavigatorOnly" >
				<HuntingGrounds>
					<Hotspot Name="Forgotten Supplies" X="6007.518" Y="4836.484" Z="163.8711" />
				</HuntingGrounds>
			</CustomBehavior>
		</If>


		<If Condition="!IsQuestCompleted(34967)" >
			<MoveTo DestName="Raided Loot" X="5862.384" Y="5236.187" Z="144.4527" />
			<CustomBehavior File="WaitTimer" WaitTime="5000" />
			<CustomBehavior File="InteractWith" MobIds="231103" ProactiveCombatStrategy="ClearMobsThatWillAggro" MovementBy="NavigatorOnly" >
				<HuntingGrounds>
					<Hotspot Name="Raided Loot" X="5863.688" Y="5228.03" Z="144.5888" />
				</HuntingGrounds>
			</CustomBehavior>
		</If>

		<If Condition="!IsQuestCompleted(34470)" >
			<MoveTo DestName="Pale Fishmonger" X="5558.691" Y="5777.992" Z="5.90931" />
			<CustomBehavior File="InteractWith" MobIds="78606" ProactiveCombatStrategy="ClearMobsThatWillAggro" MovementBy="NavigatorOnly" Mobstate="dead" >
				<HuntingGrounds>
					<Hotspot Name="Pale Fishmonger" X="5558.691" Y="5777.992" Z="5.90931" />
				</HuntingGrounds>
			</CustomBehavior>
		</If>

		<While Condition="!IsQuestCompleted(33500)" >
			<MoveTo DestName="Slave's Stash" X="6544.705" Y="5825.073" Z="154.3871" />
			<CustomBehavior File="WaitTimer" WaitTime="5000" TerminateWhen="!Me.Combat" />
			<MoveTo DestName="Slave's Stash" X="6538.225" Y="5828.351" Z="153.403" />
			<DisableBehavior Name="Combat" />
			<CustomBehavior File="ForcedDismount" />
			<CustomBehavior File="WaitTimer" WaitTime="500" />
			<CustomBehavior File="RunCode" Code="Me.SetFacing(52);" />
			<CustomBehavior File="WaitTimer" WaitTime="500" />
			<CustomBehavior File="Misc\RunLua" Lua="MoveForwardStart();" WaitTime="50" />
			<CustomBehavior File="Misc\RunLua" Lua="JumpOrAscendStart();" WaitTime="15" />
			<CustomBehavior File="Misc\RunLua" Lua="MoveForwardStop(); AscendStop();" WaitTime="100" />
			<CustomBehavior File="MyCTM" DestName="Slave's Stash" X="6536.068" Y="5839.781" Z="154.0209" TerminateWhen="Me.Z &lt;= 152" />
			<CustomBehavior File="MyCTM" DestName="Slave's Stash" X="6527.285" Y="5831.713" Z="156.0245" TerminateWhen="Me.Z &lt;= 152" />
			<CustomBehavior File="MyCTM" DestName="Slave's Stash" X="6532.054" Y="5825.816" Z="160.4257" TerminateWhen="Me.Z &lt;= 152" />
			<CustomBehavior File="Misc\RunLua" Lua="MoveForwardStart();" WaitTime="100" />
			<CustomBehavior File="Misc\RunLua" Lua="JumpOrAscendStart();" WaitTime="15" />
			<CustomBehavior File="Misc\RunLua" Lua="MoveForwardStop(); AscendStop();" WaitTime="100" />
			<CustomBehavior File="WaitTimer" WaitTime="500" />
			<CustomBehavior File="MyCTM" DestName="Slave's Stash" X="6534.748" Y="5821.771" Z="160.8447" TerminateWhen="Me.Z &lt;= 159" />
			<CustomBehavior File="WaitTimer" WaitTime="500" />
			<CustomBehavior File="RunCode" Code="Me.SetFacing(4);" />
			<CustomBehavior File="WaitTimer" WaitTime="500" />
			<CustomBehavior File="Misc\RunLua" Lua="MoveForwardStart();" WaitTime="25" />
			<CustomBehavior File="Misc\RunLua" Lua="JumpOrAscendStart();" WaitTime="15" />
			<CustomBehavior File="Misc\RunLua" Lua="MoveForwardStop(); AscendStop();" WaitTime="100" />
			<CustomBehavior File="InteractWith" ProactiveCombatStrategy="ClearMobsTargetingUs" PreInteractMountStrategy="Dismount" 
				Name="Slave's Stash" MobId="224392" X="6529.838" Y="5815.319" Z="165.0577" TerminateWhen="Me.Z &lt;= 159 || IsQuestCompleted(33500)" />
			<EnableBehavior Name="Combat" />
			<CustomBehavior File="WaitTimer" WaitTime="60000" TerminateWhen="IsQuestCompleted(33500)" />
			<CustomBehavior File="MyCTM" X="6539.372" Y="5811.715" Z="154.0194" TerminateWhen="Me.Z &lt;= 159" />
			<If Condition="Me.Z &lt;= 148 &amp;&amp; Me.Z &gt;= 143 &amp;&amp; Me.Y &lt;= 5842" > <!-- Stuck spot, wedged between buildings. -->
				<CustomBehavior File="MyCTM" X="6497.602" Y="5842.645" Z="136.7585" />
			</If>
		</While>

		<While Condition="!IsQuestCompleted(34507)" >
			<MoveTo DestName="Frozen Frostwolf Axe" X="6293.714" Y="6027.578" Z="90.80666" />
			<CustomBehavior File="InteractWith" MobIds="229640" ProactiveCombatStrategy="ClearMobsThatWillAggro" MovementBy="NavigatorOnly" TerminateWhen="IsQuestCompleted(34507)" >
				<HuntingGrounds>
					<Hotspot Name="Frozen Frostwolf Axe" X="6293.714" Y="6027.578" Z="90.80666" />
				</HuntingGrounds>
			</CustomBehavior>
			<CustomBehavior File="WaitTimer" WaitTime="60000" TerminateWhen="IsQuestCompleted(34507)" />
		</While>

		<If Condition="!IsQuestCompleted(34931)" >
			<MoveTo DestName="Pale Loot Sack" X="6205.389" Y="6180.609" Z="107.9163" />
			<CustomBehavior File="WaitTimer" WaitTime="5000" />
			<CustomBehavior File="InteractWith" MobIds="230611" ProactiveCombatStrategy="ClearMobsThatWillAggro" MovementBy="NavigatorOnly" >
				<HuntingGrounds>
					<Hotspot Name="Pale Loot Sack" X="6205.389" Y="6180.609" Z="107.9163" />
				</HuntingGrounds>
			</CustomBehavior>
		</If>

		<While Condition="!IsQuestCompleted(33942)" >
			<MoveTo DestName="Supply Dump" X="6207.02" Y="6572.853" Z="190.6316" />
			<CustomBehavior File="MyCTM" DestName="Supply Dump" X="6205.749" Y="6565.5" Z="193.2062" TerminateWhen="Me.Z &lt;= 185" />
			<CustomBehavior File="WaitTimer" WaitTime="500" />
			<CustomBehavior File="RunCode" Code="Me.SetFacing(0);" />
			<CustomBehavior File="ForcedDismount" />
			<CustomBehavior File="WaitTimer" WaitTime="500" />
			<CustomBehavior File="Misc\RunLua" Lua="MoveForwardStart();" WaitTime="100" />
			<CustomBehavior File="Misc\RunLua" Lua="JumpOrAscendStart();" WaitTime="50" />
			<CustomBehavior File="Misc\RunLua" Lua="MoveForwardStop(); AscendStop();" />
			<CustomBehavior File="MyCTM" DestName="Supply Dump" X="6219.123" Y="6548.619" Z="198.5904" TerminateWhen="Me.Z &lt;= 185" />
			<CustomBehavior File="MyCTM" DestName="Supply Dump" X="6231.943" Y="6539.558" Z="199.7815" TerminateWhen="Me.Z &lt;= 185" />
			<CustomBehavior File="WaitTimer" WaitTime="500" />
			<CustomBehavior File="Misc\RunLua" Lua="MoveForwardStart();" WaitTime="125" />
			<CustomBehavior File="Misc\RunLua" Lua="JumpOrAscendStart();" WaitTime="50" />
			<CustomBehavior File="Misc\RunLua" Lua="MoveForwardStop(); AscendStop();" />
			<CustomBehavior File="MyCTM" DestName="Supply Dump" X="6247.287" Y="6521.508" Z="204.9809" TerminateWhen="Me.Z &lt;= 191" />
			<CustomBehavior File="InteractWith" ProactiveCombatStrategy="ClearMobsTargetingUs" PreInteractMountStrategy="Dismount" 
				Name="Supply Dump" MobId="226990" X="6247.956" Y="6520.465" Z="205.3144" TerminateWhen="Me.Z &lt;= 191 || IsQuestCompleted(33942)" />
			<CustomBehavior File="WaitTimer" WaitTime="60000" TerminateWhen="IsQuestCompleted(33942)" />
			<CustomBehavior File="MyCTM" X="6242.666" Y="6501.138" Z="190.5161" TerminateWhen="Me.Z &lt;= 191" />
		</While>

		<If Condition="!IsQuestCompleted(34641)" >
			<MoveTo DestName="Sealed Jug" X="6426.817" Y="6905.155" Z="-0.2596911" />
			<CustomBehavior File="InteractWith" MobIds="230401" ProactiveCombatStrategy="ClearMobsThatWillAggro" MovementBy="NavigatorOnly" >
				<HuntingGrounds>
					<Hotspot Name="Sealed Jug" X="6426.817" Y="6905.155" Z="-0.2596911" />
				</HuntingGrounds>
			</CustomBehavior>
			<If Condition="HasItem(111407)" ><CustomBehavior File="DeleteItems" Ids="111407" /></If>
		</If>

		<If Condition="Me.IsHorde" >
			<If Condition="IsQuestCompleted(12345)" >
				<MoveTo DestName="Doorog's Secret Stash" X="6665.021" Y="5879.452" Z="319.4511" />
				<CustomBehavior File="InteractWith" MobIds="232218" ProactiveCombatStrategy="ClearMobsThatWillAggro" MovementBy="NavigatorOnly" >
					<HuntingGrounds>
						<Hotspot Name="Doorog's Secret Stash" X="6665.021" Y="5879.452" Z="319.4511" />
					</HuntingGrounds>
				</CustomBehavior>
			</If>


			<!--<While Condition="!IsQuestCompleted(12345)" >  Has a very strange bug.  Bot loots an un-interatable object.   Object also doesn't have a ID and seems to not exist in the actual game - I'm going to assume it's a Blizzard bug. 
				<MoveTo DestName="Bounty of Bladespire" X="6796.262" Y="5853.185" Z="260.0322" />
				<CustomBehavior File="InteractWith" MobIds="231977" ProactiveCombatStrategy="ClearMobsThatWillAggro" MovementBy="NavigatorOnly" >
					<HuntingGrounds>
						<Hotspot Name="Bounty of Bladespire" X="6796.262" Y="5853.185" Z="260.0322" />
					</HuntingGrounds>
				</CustomBehavior>
			</While>-->
		</If>

		<While Condition="!IsQuestCompleted(33501)" >
			<MoveTo DestName="Spectator's Chest" X="7122.376" Y="6009.521" Z="183.5459" />
			<CustomBehavior File="ForcedMount" />
			<CustomBehavior File="WaitTimer" WaitTime="500" />
			<CustomBehavior File="RunCode" Code="Me.SetFacing(13);" />
			<CustomBehavior File="WaitTimer" WaitTime="200" />
			<CustomBehavior File="Misc\RunLua" Lua="MoveForwardStart();" WaitTime="50" />
			<CustomBehavior File="Misc\RunLua" Lua="JumpOrAscendStart();" WaitTime="15" />
			<CustomBehavior File="Misc\RunLua" Lua="MoveForwardStop(); AscendStop();" WaitTime="300" />
			<CustomBehavior File="WaitTimer" WaitTime="500" />
			<CustomBehavior File="MyCTM" X="7168.37" Y="6020.117" Z="170.2653" TerminateWhen="Me.Z &lt;= 145" />
			<CustomBehavior File="ForcedDismount" />
			<CustomBehavior File="InteractWith" ProactiveCombatStrategy="ClearMobsTargetingUs" Name="Spectator's Chest" MobId="224613" X="7169.229" Y="6024.37" Z="169.8759" TerminateWhen="Me.Z &lt;= 145 || IsQuestCompleted(33501)" />
			<CustomBehavior File="WaitTimer" WaitTime="60000" TerminateWhen="IsQuestCompleted(33501)" />
			<CustomBehavior File="MyCTM" X="7179.022" Y="6009.522" Z="169.0179" TerminateWhen="Me.Z &lt;= 145" />
			<CustomBehavior File="MyCTM" X="7198.322" Y="5995.668" Z="134.6679" TerminateWhen="Me.Z &lt;= 145" />
		</While>

		<If Condition="!IsQuestCompleted(33916)" >
			<MoveTo DestName="Arena Master's War Horn" X="7276.755" Y="6085.269" Z="138.0172" />
			<CustomBehavior File="MyCTM" X="7262.231" Y="6081.815" Z="136.4209" TerminateWhen="Me.Combat" />
			<CustomBehavior File="ForcedDismount" />
			<CustomBehavior File="InteractWith" WaitTime="9000" ProactiveCombatStrategy="ClearMobsTargetingUs" Name="Arena Master's War Horn" MobId="226955" X="7257.686" Y="6089.362" Z="140.0699" />
			<MoveTo X="7270.864" Y="6084.215" Z="136.4394" />
			<CustomBehavior File="WaitTimer" WaitTime="500" />
			<CustomBehavior File="RunCode" Code="Me.SetFacing(0);" />
			<CustomBehavior File="WaitTimer" WaitTime="200" />
			<CustomBehavior File="Misc\RunLua" Lua="MoveForwardStart();" WaitTime="50" />
			<CustomBehavior File="Misc\RunLua" Lua="JumpOrAscendStart();" WaitTime="15" />
			<CustomBehavior File="Misc\RunLua" Lua="MoveForwardStop(); AscendStop();" WaitTime="300" />
			<If Condition="HasItem(108735)" ><CustomBehavior File="UseItem" ItemId="108735" /></If>
			<If Condition="HasItem(108735)" ><CustomBehavior File="DeleteItems" Ids="108735" /></If>
		</If>

		<!-- We need flight
		<If Condition="IsQuestCompleted(12345)" >
			<MoveTo DestName="Gorr'thogg's Personal Reserve" X="6790.163" Y="5892.411" Z="417.0802" />
			<CustomBehavior File="InteractWith" MobIds="232215" ProactiveCombatStrategy="ClearMobsThatWillAggro" MovementBy="NavigatorOnly" >
				<HuntingGrounds>
					<Hotspot Name="Gorr'thogg's Personal Reserve" X="6790.163" Y="5892.411" Z="417.0802" />
				</HuntingGrounds>
			</CustomBehavior>
		</If>
		-->

		<If Condition="!IsQuestCompleted(34648)" >
			<MoveTo DestName="Gnawed Bone" X="7456.745" Y="5952.264" Z="126.8131" />
			<CustomBehavior File="InteractWith" MobIds="230425" ProactiveCombatStrategy="ClearMobsThatWillAggro" MovementBy="NavigatorOnly" X="7441.086" Y="5946.967" Z="126.829" TerminateWhen="IsQuestCompleted(34648)" />
		</If>

		<If Condition="!IsQuestCompleted(34642)" >
			<MoveTo DestName="Lucky Coin" X="7785.124" Y="6331.755" Z="47.88202" />
			<CustomBehavior File="InteractWith" MobIds="230402" ProactiveCombatStrategy="ClearMobsThatWillAggro" MovementBy="NavigatorOnly" >
				<HuntingGrounds>
					<Hotspot Name="Lucky Coin" X="7785.124" Y="6331.755" Z="47.88202" />
				</HuntingGrounds>
			</CustomBehavior>
		</If>

		<If Condition="!IsQuestCompleted(34647)" >
			<MoveTo DestName="Snow-Covered Strongbox" X="7748.58" Y="6040.359" Z="33.27089" />
			<CustomBehavior File="InteractWith" MobIds="230424" ProactiveCombatStrategy="ClearMobsThatWillAggro" MovementBy="NavigatorOnly" >
				<HuntingGrounds>
					<Hotspot Name="Snow-Covered Strongbox" X="7748.58" Y="6040.359" Z="33.27089" />
				</HuntingGrounds>
			</CustomBehavior>
		</If>

		<While Condition="!IsQuestCompleted(32803)" >
			<MoveTo DestName="Thunderlord Cache" X="7331.63" Y="5470.84" Z="132.0581" />
			<CustomBehavior File="ForcedMount" />
			<MoveTo DestName="Thunderlord Cache" X="7330.479" Y="5464.581" Z="132.1206" />
			<CustomBehavior File="Misc\RunLua" Lua="MoveForwardStart();" WaitTime="420" />
			<CustomBehavior File="Misc\RunLua" Lua="JumpOrAscendStart();" WaitTime="15" />
			<CustomBehavior File="Misc\RunLua" Lua="MoveForwardStop(); AscendStop();" WaitTime="300" />
			<CustomBehavior File="WaitTimer" WaitTime="4000" />
			<CustomBehavior File="MyCTM" X="7317.838" Y="5418.009" Z="89.89171" TerminateWhen="Me.Z &lt;= 85" />
			<CustomBehavior File="InteractWith" WaitTime="1000" ProactiveCombatStrategy="ClearMobsTargetingUs" Name="Thunderlord Cache" MobId="220641" X="7318.233" Y="5415.385" Z="89.91787" TerminateWhen="Me.Z &lt;= 85 || IsQuestCompleted(32803)" />
			<CustomBehavior File="WaitTimer" WaitTime="60000" TerminateWhen="IsQuestCompleted(32803)" />
			<CustomBehavior File="MyCTM" X="7298.409" Y="5420.841" Z="64.48367" TerminateWhen="Me.Z &lt;= 85" />
		</While>

		<If Condition="!IsQuestCompleted(34473)" >
			<MoveTo DestName="Envoy's Satchel" X="7455.094" Y="5003.669" Z="121.4185" />
			<CustomBehavior File="ForcedDismount" />
			<CustomBehavior File="InteractWith" WaitTime="1000" ProactiveCombatStrategy="ClearMobsTargetingUs" Name="Envoy's Satchel" MobId="229328" X="7453.99" Y="5003.601" Z="121.4245" />
		</If>

		<If Condition="!IsQuestCompleted(34520)" >
			<MoveTo DestName="Burning Pearl" X="7482.119" Y="4883.521" Z="142.7453" />
			<CustomBehavior File="ForcedDismount" />
			<CustomBehavior File="WaitTimer" WaitTime="5000" TerminateWhen="!Me.Combat" />
			<CustomBehavior File="ForcedMount" />
			<MoveTo DestName="Burning Pearl" X="7486.194" Y="4927.379" Z="139.4438" />
			<CustomBehavior File="ForcedDismount" />
			<CustomBehavior File="InteractWith" WaitTime="1000" ProactiveCombatStrategy="ClearMobsTargetingUs" Name="Burning Pearl" MobId="230252" X="7488.032" Y="4928.077" Z="138.8341" />
		</If>

	<!-- I don't believe these are treasures, they aren't showing up on WoWhead's treasure page and they don't have a quest flag.  -Echo
		<If Condition="Me.Level &gt;= 100 &amp;&amp; !IsQuestCompleted(34520)" >
			!- Can't find quest id -
			<MoveTo DestName="Cragmaul Cache" X="7579.97" Y="5077.422" Z="135.115" />
			<CustomBehavior File="InteractWith" MobIds="224713" ProactiveCombatStrategy="ClearMobsThatWillAggro" WaitTime="1500" >
				<HuntingGrounds>
					<Hotspot Name="Cragmaul Cache" X="7574.577" Y="5080.94" Z="135.0731" />
				</HuntingGrounds>
			</CustomBehavior>


			!- Can't find quest id -
			<CustomBehavior File="InteractWith" MobIds="75120" ProactiveCombatStrategy="ClearMobsThatWillAggro"  >
				<HuntingGrounds>
					Name="Clumsy Cragmaul Brute" Entry="75120" X="7512.659" Y="4439.047" Z="126.4282" />
					<Hotspot Name="Clumsy Cragmaul Brute" Entry="75120" X="7512.659" Y="4439.047" Z="126.4282" />
				</HuntingGrounds>
			</CustomBehavior>

			!- Can't find quest id -
			<CustomBehavior File="InteractWith" MobIds="75081" ProactiveCombatStrategy="ClearMobsThatWillAggro" GossipOptions="1" >
				<HuntingGrounds>
					<Hotspot Name="Young Orc Woman" X="7675.647" Y="3629.538" Z="129.7265" />
				</HuntingGrounds>
			</CustomBehavior>

			<MoveTo DestName="Burning Pearl" X="7488.032" Y="4928.077" Z="138.8341" />
			<CustomBehavior File="InteractWith" MobIds="230252" ProactiveCombatStrategy="ClearMobsThatWillAggro" WaitTime="1500" TerminateWhen="Object(230252) == null" >
				<HuntingGrounds>
					<Hotspot Name="Burning Pearl" X="7488.032" Y="4928.077" Z="138.8341" />
				</HuntingGrounds>
			</CustomBehavior>
		</If>
	-->

		<If Condition="Me.Level &gt;= 100 &amp;&amp; !IsQuestCompleted(33948)" >
			<MoveTo DestName="Goren Leftovers" X="7253.048" Y="3411.344" Z="272.5801" />
			<CustomBehavior File="InteractWith" MobIds="226996" ProactiveCombatStrategy="ClearMobsThatWillAggro" WaitTime="1500" >
				<HuntingGrounds>
					<Hotspot Name="Goren Leftovers" X="7198.648" Y="3427.224" Z="261.3001" />
				</HuntingGrounds>
			</CustomBehavior>
			<If Condition="HasItem(111543)" ><CustomBehavior File="UseItem" ItemId="111543" /></If>
		</If>

		<While Condition="!IsQuestCompleted(33946)" > <!-- Got stuck-->
			<MoveTo DestName="Survivalist's Cache" X="7093.72" Y="3582.022" Z="210.1675" /> <!-- Should help prevent stucks. -->
			<MoveTo DestName="Survivalist's Cache" X="7231.551" Y="3551.658" Z="220.7966" />
			<CustomBehavior File="ForcedDismount" />
			<CustomBehavior File="WaitTimer" WaitTime="4000" GoalText="Stop moving: {TimeRemaining}" />
			<CustomBehavior File="InteractWith" MobIds="226993" ProactiveCombatStrategy="ClearMobsThatWillAggro" WaitTime="11500" TerminateWhen="IsQuestCompleted(33946)" >
				<HuntingGrounds>
					<Hotspot Name="Survivalist's Cache" X="7225.838" Y="3548.812" Z="219.8346" />
				</HuntingGrounds>
			</CustomBehavior>
			<CustomBehavior File="WaitTimer" WaitTime="60000" TerminateWhen="IsQuestCompleted(33946)" /> 
		</While>

		<!--
		<If Condition="!IsQuestCompleted(33525)" >
			 Can't find quest id 
			<MoveTo DestName="Young Orc Traveler" X="6835.011" Y="4118.459" Z="92.14944" />
			<CustomBehavior File="InteractWith" MobIds="75072" ProactiveCombatStrategy="ClearMobsThatWillAggro" GossipOptions="1" >
				<HuntingGrounds>
					<Hotspot Name="Young Orc Traveler" X="6829.731" Y="4152.84" Z="91.98309" />
				</HuntingGrounds>
			</CustomBehavior>
		</If>
		-->

		<If Condition="!IsQuestCompleted(33947)" >
			<MoveTo DestName="Grimfrost Treasure" X="6405.215" Y="3340.942" Z="216.897" />
			<CustomBehavior File="InteractWith" MobIds="226994" ProactiveCombatStrategy="ClearMobsThatWillAggro" WaitTime="1500" >
				<HuntingGrounds>
					<Hotspot Name="Grimfrost Treasure" X="6405.215" Y="3340.942" Z="216.897" />
				</HuntingGrounds>
			</CustomBehavior>
		</If>

		<If Condition="!IsQuestCompleted(34476)" >
			<MoveTo DestName="Frozen Orc Skeleton" X="6160.448" Y="4018.234" Z="106.2438" />
			<CustomBehavior File="InteractWith" MobIds="229367" X="6148.353" Y="4010.733" Z="108.6969" />
		</If>

		<While Condition="!IsQuestCompleted(33505)" >
			<MoveTo DestName="Wiggling Egg" X="5593.211" Y="3572.49" Z="194.6269" />
			<CustomBehavior File="ForcedDismount" />
			<CustomBehavior File="WaitTimer" WaitTime="3000" />
			<CustomBehavior File="InteractWith" MobIds="224623" ProactiveCombatStrategy="ClearMobsThatWillAggro" X="5590.184" Y="3569.73" Z="194.9271" TerminateWhen="IsQuestCompleted(33505)" />
		</While>

		<If Condition="!IsQuestCompleted(33017)" > <!-- Had interaction issues. -->
			<MoveTo DestName="Iron Horde Supplies" X="5458.411" Y="3282.07" Z="140.0644" />
			<CustomBehavior File="ForcedDismount" />
			<CustomBehavior File="WaitTimer" WaitTime="3000" />
			<MoveTo DestName="Iron Horde Supplies" X="5452.135" Y="3292.178" Z="139.3385" />
			<CustomBehavior File="InteractWith" WaitTime="9000" MinRange="5.5" Range="9" IgnoreLoSToTarget="true" ProactiveCombatStrategy="ClearMobsThatWillAggro" Name="Iron Horde Supplies" MobIds="224633" X="5459.3" Y="3287.469" Z="138.6559" />
		</If>

		<If Condition="!IsQuestCompleted(36863)" >
			<MoveTo DestName="Iron Horde Munitions" X="5345.261" Y="4030.561" Z="132.6847" />
			<CustomBehavior File="WaitTimer" WaitTime="5000" />
			<CustomBehavior File="InteractWith" MobIds="236693" X="5345.302" Y="4038.32" Z="131.9892" />
		</If>
		
		<CustomBehavior File="RunCode" Code="Logging.Write(System.Windows.Media.Colors.BlueViolet, &quot;[Profile Notification]: Treasure farming complete!  Going to mail and vendor.&quot;);" />
		<CustomBehavior File="ForceSetVendor" DoSell="True" DoRepair="True" />

		<CustomBehavior File="UserSettings" Preset="UserOriginal" />
		<CustomBehavior File="LoadProfile" ProfileName="Gorgrond Treasure Hunter.xml" RememberProfile="false" />

	</QuestOrder>

	<Quest Name="Eye Need That" Id="34230" >
		<Objective QuestName="Eye Need That" QuestId="34230" Type="CollectItem" ItemId="109700" CollectCount="1" >
			<CollectFrom>
				<Mob Name="Ogzor the Necrothurge" Id="73243"  />
			</CollectFrom>
			<Hotspots>
				<Hotspot X="7994.729" Y="6085.684" Z="61.44958" />
			</Hotspots>
		</Objective>
	</Quest>

	<Quest Name="DummyKillMob" Id="123456" >
		<Objective Type="KillMob" MobId="1" Name="Mob" KillCount="1">
			<Hotspots>
				<Hotspot X="1" Y="1" Z="1" />
			</Hotspots>
		</Objective>
	</Quest>

	<Quest Name="DummyCollectfromGameObject" Id="123456" >
		<Objective Type="CollectItem" ItemId="1" Name="Item" CollectCount="1">
			<CollectFrom>
				<GameObject Name="GameObject" Id="1"/>
			</CollectFrom>
			<Hotspots>
				<Hotspot X="1" Y="1" Z="1" />
			</Hotspots>
		</Objective>
	</Quest>

	<Quest Name="DummyCollectfromMob" Id="123456" >
		<Objective Type="CollectItem" ItemId="1" Name="Item" CollectCount="1">
			<CollectFrom>
				<Mob Name="Mob"  Id="1" />
			</CollectFrom>
			<Hotspots>
				<Hotspot X="1" Y="1" Z="1" />
			</Hotspots>
		</Objective>
	</Quest>

	<!-- 
A comment:
				<CustomBehavior File="ForcedDismount" />
				Nav="Fly" 
				/dump IsQuestFlaggedCompleted(11350)
-->

</HBProfile>