<!-- Echo's notes, delete me when no longer relevent.
	Notes:
		- Several treasures may bad bad/no IDs such as the boulders.

	Test 1 (None):
		- 15 Treasures Gained, not including boulder or vine (Sparring Arena / Lumbermill) treasures.

	Test 2 (Sparring Arena):
		- 45 Treasures Gained.  3~ were skipped unintentionally.  Add them.
		- Crystal Obsidian Formation 4 (36732) has a bad ID.
		- Ancient Ogre Cache 2 (36737) had interaction issues.

	Test 3 (Sparring Arean):
		- 44 Treasures Gained. Down 1 from last test, assuming Interact failed.
		- Interaction issues with Obsidian Crystal Formation (236269)

	Test 4 (Lumbermill):
		- Start Time: 12:51.  End Time: 1:52
		- Start Treasures: 27.  End Treasures: 71
		- Diff: 44
-->

<HBProfile>
	<Name>Hawker's 'Gogrond Treasure Hunter' Profile</Name>
	
	
	<MinDurability>0.2</MinDurability>
	<MinFreeBagSlots>2</MinFreeBagSlots>

	<MailGrey>false</MailGrey>
	<MailWhite>false</MailWhite>
	<MailGreen>false</MailGreen>
	<MailBlue>true</MailBlue>
	<MailPurple>true</MailPurple>

	<SellGrey>true</SellGrey>
	<SellWhite>true</SellWhite>
	<SellGreen>true</SellGreen>
	<SellBlue>true</SellBlue>
	<SellPurple>false</SellPurple>

	<UseMount>True</UseMount>

	<TargetElites>True</TargetElites>

	<Blacklist>
		<Mob Name="Marsh Anaconda" Id="87039" />
	</Blacklist>

	<!-- ClickToMoveOnly, FlightorPreferred, NavigatorOnly, NavigatorPreferred, None -->

	<Vendors>
		<!--Shadowmoon Valley:-->
		<!--Exile's Rise-->
		<Vendor Name="Mokarg" Entry="76198" Type="Repair" X="1475.611" Y="-790.243" Z="38.12963" />
		<Vendor Name="Rovan Astalan" Entry="81614" Type="Repair" X="-780.2448" Y="-677.118" Z="108.6697" />
		<!--__________________________________________________________________________________________________________________________________________-->
		<!--Spires of Arak:-->
		<!--Veil Terokk-->
		<Vendor Name="Kuro'ak" Entry="86386" Type="Food" X="-394.9809" Y="1852.606" Z="53.45683" />
		<Vendor Name="Ruuan the Seer" Entry="87775" Type="Repair" X="-432.757" Y="1850.8" Z="41.6203" />
		<!--Pinchwhistle Gearworks-->
		<Vendor Name="Twizix Copperbomb" Entry="82183" Type="Repair" X="-1483.905" Y="981.5174" Z="8.025256" />

		<!--__________________________________________________________________________________________________________________________________________-->
		<!--Talador:-->
		<!--Anchorite's Sojourn-->
		<Vendor Name="Caregiver Uluura" Entry="75430" Type="Food" X="2144.236" Y="1232.42" Z="117.2146" />
		<!--Shattrath City-->
		<Vendor Name="Reema" Entry="86317" Type="Repair" X="2663.982" Y="2796.673" Z="246.1862" />
		<Vendor Name="Bordos" Entry="82635" Type="Repair" X="2617.845" Y="2823.831" Z="242.3916" />
		<Vendor Name="Fiaana" Entry="82636" Type="Food" X="2620.902" Y="2783.97" Z="242.3923" />
		<!--Zangarra-->
		<Vendor Name="James Lamone" Entry="80930" Type="Repair" X="3214.887" Y="835.0538" Z="80.63318" />
		<!--__________________________________________________________________________________________________________________________________________-->
		<!--Nagrand:-->
		<!--The Ring of Trials-->
		<Vendor Name="Grogglefitz" Entry="79199" Type="Food" X="3013.191" Y="4762.819" Z="128.275" />
		<Vendor Name="Pyxni Pennypocket" Entry="79310" Type="Repair" X="3085.323" Y="4849.036" Z="128.3325" />
		<!--__________________________________________________________________________________________________________________________________________-->
		<!--Gorgrond:-->
		<!--Breaker's Crown-->
		<Vendor Name="Budgy" Entry="84234" Type="Repair" X="6610.504" Y="1286.526" Z="64.83815" />
		<!--__________________________________________________________________________________________________________________________________________-->
		<!--Frostfire Ridge: Bloodmaul Slag Mines-->
		<Vendor Name="Urkag" Entry="85545" Type="Repair" X="7400.561" Y="4335.775" Z="126.4071" />
		<Vendor Name="Barduun" Entry="85547" Type="Food" X="7370.463" Y="4342.348" Z="127.2008" />
		<!--__________________________________________________________________________________________________________________________________________-->
		<!--Garrison Vendors-->
		<Vendor Name="Provisioner Hanfa" Entry="81346" Type="Repair" X="1854.957" Y="269.2205" Z="76.63961" UsableWhen="Me.IsAlliance" />
		<Vendor Name="Supplymaster Eri" Entry="76872" Type="Repair" X="5626.828" Y="4629.681" Z="139.3038" UsableWhen="Me.IsHorde" />
	</Vendors>
	<!--MAILBOXES-->
	<Mailboxes>
		<!--Shattrath City-->
		<Mailbox X="2614.091" Y="2799.328" Z="242.3915" />
		<!--Fort Wrynn-->
		<!--Zangarra-->
		<Mailbox X="3183.211" Y="773.5329" Z="78.33458" />
		<!--Pinchwhistle Gearworks-->
		<Mailbox X="-1567.494" Y="942.592" Z="10.57905" />
		<!--Garrison-->
		<Mailbox X="1923.274" Y="299.2899" Z="88.96642" UsableWhen="Me.IsAlliance" />
		<Mailbox X="5580.682" Y="4570.392" Z="136.558" UsableWhen="Me.IsHorde" />
	</Mailboxes>


	<QuestOrder>

		<CustomBehavior File="RunCode" Code="RoutineManager.SetCapabilityState(CapabilityFlags.MultiMobPull, CapabilityState.Disallowed);"/>
		<DisableBehavior Name="Pull" />
		<CustomBehavior File="UserSettings" HarvestHerbs="false" HarvestMinerals="false" /> <!-- Harvesting will bug out CTMs. --> 

		<If Condition="Me.ZoneId == 7078 || Me.ZoneId == 7004" >
			<CustomBehavior File="RunCode" Code="Logging.Write(System.Windows.Media.Colors.BlueViolet, &quot;[Profile Notification]: Going to vendor and mail before we start farming.&quot;);" />
			<CustomBehavior File="ForceSetVendor" DoSell="true" DoRepair="true" />
		</If>

		<!-- Go To Gogrond -->
		<If Condition="Me.ZoneId != 6721">
			<MoveTo DestName="Breaker's Crown in Gogrond to search for treasures." X="6590.912" Y="1315.476" Z="64.63868" />
		</If>

		<If Condition="SpellManager.HasSpell(164050)" > <!-- Shredder/Lumbermill (Vines) -->
			<CustomBehavior File="RunCode" Code="Logging.Write(System.Windows.Media.Colors.FloralWhite, &quot;[Profile Notification]: You cannot get some treasures in Gorgrond as they require you to have the Sparring Arena.  Currently you have the Lumbermill which is located in Highpass.  It allows you to harvest treasures covered in vines.  It's not required, but if you wish to get every treasure you must pay 5,000 gold to change convert the Lumbermill into the Sparring Arena.&quot;);" />
		</If>
		<If Condition="SpellManager.HasSpell(&quot;Champion&apos;s Honor&quot;)" > <!-- Beatface/Sparring Arena (Boulders) -->
			<CustomBehavior File="RunCode" Code="Logging.Write(System.Windows.Media.Colors.FloralWhite, &quot;[Profile Notification]: You cannot get some treasures in Gorgrond as they require you to have the Lumbermill.  Currently you have the Sparring Arena which is located in Highpass.  It allows you to harvest treasures covered in vines.  It's not required, but if you wish to get every treasure you must pay 5,000 gold to change convert the Sparring Arena into the Lumbermill.&quot;);" />
		</If>
		<If Condition="!(SpellManager.HasSpell(164050) || SpellManager.HasSpell(&quot;Champion&apos;s Honor&quot;))">  <!-- Warning if player doesn't have either of above. -->
			<CustomBehavior File="RunCode" Code="Logging.Write(System.Windows.Media.Colors.Red, &quot;[Profile Warning]: You do not have the Lumbermill or Sparring Arena in Gorgrond.  You must do some quests to unlock either of these buildings.  I highly reccomend running Kickz Gorgrond profile to unlock these buildings before continuing.  If you do not you may not reach 200 Treasures.&quot;);" />
		</If>

		<!--<If Condition="SpellManager.HasSpell(&quot;Champion&apos;s Honor&quot;)" >  &amp;&amp; !IsQuestCompleted() ID not found :: Beatface/Sparring Arena (Boulders) 
			<MoveTo DestName="Aged Stone Container" X="6163.197" Y="1304.209" Z="68.74123" />
			<CustomBehavior File="InteractWith" WaitTime="9000" Range="10" Name="Odd Boulder" MobIds="236256" X="6153.589" Y="1298.497" Z="65.43375" />
			<CustomBehavior File="InteractWith" WaitTime="9000" Name="Aged Stone Container" MobIds="236289" X="6153.528" Y="1300.88" Z="66.18081" TerminateWhen="Object(236289) == null" />
		</If>-->

		<!-- Failing to move here
		<MoveTo  X="6583.529" Y="1132.385" Z="36.27353" />
		<CustomBehavior File="InteractWith" WaitTime="9000" Name="Odd Boulder" Range="10"  MobIds="236256" X="6583.529" Y="1132.385" Z="36.27353" ArrivalTolerance="25" />
		<CustomBehavior File="InteractWith" WaitTime="9000" Name="Aged Stone Container" MobIds="236279" X="6583.323" Y="1132.33" Z="37.50518" />
	-->

		<If Condition="SpellManager.HasSpell(&quot;Champion&apos;s Honor&quot;) &amp;&amp; !IsQuestCompleted(36721)" > <!--  Beatface/Sparring Arena (Boulders) -->
			<MoveTo DestName="Obsidian Crystal Formation 1" X="7060.803" Y="1124.917" Z="57.93354" /> 
			<CustomBehavior File="InteractWith" WaitTime="9000" WaitForNpcs="false" Range="10" Name="Odd Boulder" MobIds="236256" X="7061.626" Y="1132.557" Z="56.62327" />
			<MoveTo DestName="Obsidian Crystal Formation 2" X="7061.945" Y="1128.724" Z="57.67347" />
			<CustomBehavior File="InteractWith" WaitTime="9000" NumOfTimes="10" Name="Obsidian Crystal Formation" MobIds="236269" TerminateWhen="Object(236269) == null" X="7062.096" Y="1132.563" Z="57.61606" />
		</If>

		<If Condition="SpellManager.HasSpell(&quot;Champion&apos;s Honor&quot;) &amp;&amp; !IsQuestCompleted(36739)" > <!--  Beatface/Sparring Arena (Boulders) -->
			<MoveTo DestName="Aged Stone Container 7" X="6779.121" Y="311.8146" Z="62.67727" />
			<CustomBehavior File="InteractWith" WaitTime="9000" WaitForNpcs="false" Range="10" Name="Odd Boulder" MobIds="236717" X="6784.917" Y="314.5382" Z="64.09375" />
			<CustomBehavior File="ForcedDismount" />
			<CustomBehavior File="InteractWith" WaitTime="9000" Name="Aged Stone Container" MobIds="236350" TerminateWhen="Object(236350) == null" X="6784.957" Y="314.4375" Z="64.10856" />
		</If>

		<!--<MoveTo DestName="Water above Balldir Deeprock" X="6539.123" Y="337.7393" Z="68.39518" />-->
		<If Condition="SpellManager.HasSpell(&quot;Champion&apos;s Honor&quot;) &amp;&amp; !IsQuestCompleted(36740)" > <!--  Beatface/Sparring Arena (Boulders) -->
			<MoveTo DestName="Ancient Ogre Cache 3" X="6397.659" Y="39.65843" Z="75.40257" />
			<CustomBehavior File="InteractWith" WaitTime="9000" WaitForNpcs="false" Name="Odd Boulder" Range="10"  MobIds="236256" X="6398.999" Y="32.3559" Z="74.19077" />
			<CustomBehavior File="ForcedDismount" />
			<CustomBehavior File="InteractWith" WaitTime="9000" Range="5" Name="Ancient Ogre Cache" MobIds="236351" TerminateWhen="Object(236351) == null" X="6398.533" Y="33.38542" Z="75.4043" />
		</If>

		<If Condition="SpellManager.HasSpell(164050) &amp;&amp; !IsQuestCompleted(36430)" >	<!-- Shredder/Lumbermill (Vines) -->
			<MoveTo DestName="Mysterious Petrified Pod 5" X="6477.123" Y="-102.4779" Z="76.93795" />
			<CustomBehavior File="InteractWith" WaitTime="9000" Name="Hardened Thornvine" MobId="233138" X="6475.012" Y="-108.5677" Z="76.02537" />
			<CustomBehavior File="InteractWith" Name="Mysterious Petrified Pod" MobId="235127" X="6472.645" Y="-107.8542" Z="76.08879" />
		</If>

		<If Condition="!IsQuestCompleted(36628)" >
			<MoveTo DestName="Vindicator's Hammer" X="6299.12" Y="-31.05926" Z="75.40405" />
			<CustomBehavior File="WaitTimer" WaitTime="500" />
			<CustomBehavior File="RunCode" Code="Me.SetFacing(15);" />
			<CustomBehavior File="WaitTimer" WaitTime="500" />
			<CustomBehavior File="ForcedMount" />-
			<CustomBehavior File="Misc\RunLua" Lua="MoveForwardStart();" WaitTime="125" />
			<CustomBehavior File="Misc\RunLua" Lua="JumpOrAscendStart();" WaitTime="15" />
			<CustomBehavior File="Misc\RunLua" Lua="MoveForwardStop(); AscendStop();" WaitTime="300" />
			<CustomBehavior File="WaitTimer" WaitTime="2000" />
			<MoveTo DestName="Vindicator's Hammer" X="6257.862" Y="70.00924" Z="63.70288" />
			<CustomBehavior DestName="Vindicator's Hammer" File="MyCTM" X="6275.81" Y="93.23742" Z="61.93775" />
			<MoveTo DestName="Vindicator's Hammer" X="6273.78" Y="105.6377" Z="58.81031" />
			<MoveTo DestName="Vindicator's Hammer" X="6274.155" Y="111.5004" Z="57.86632" />
			<CustomBehavior File="WaitTimer" WaitTime="250" />
			<CustomBehavior File="ForcedMount" />
			<CustomBehavior File="Misc\RunLua" Lua="MoveForwardStart();" WaitTime="250" />
			<CustomBehavior File="Misc\RunLua" Lua="JumpOrAscendStart();" WaitTime="15" />
			<CustomBehavior File="Misc\RunLua" Lua="MoveForwardStop(); AscendStop();" WaitTime="300" />
			<CustomBehavior File="WaitTimer" WaitTime="500" />
			<MoveTo DestName="Vindicator's Hammer" X="6166.827" Y="191.3912" Z="90.16154" />
			<DisableBehavior Name="Combat" /> <!-- Disable combat so we can pull mob away from nest. -->
			<MoveTo DestName="Vindicator's Hammer" X="6119.743" Y="211.9494" Z="97.03928" />
			<CustomBehavior File="WaitTimer" WaitTime="1000" />
			<CustomBehavior File="WaitTimer" WaitTime="5000" TerminateWhen="!Me.Combat" />
			<MoveTo X="6138.942" Y="199.6571" Z="96.88888" /> <!-- Pull mob away from nest. -->
			<EnableBehavior Name="Combat" />
			<CustomBehavior File="InteractWith" WaitTime="9000" Range="10" ProactiveCombatStrategy="ClearMobsThatWillAggro" IgnoreLoS="true" Name="Vindicator's Hammer" MobIds="236147" X="6112.983" Y="218.5243" Z="97.52146" />
			<MoveTo DestName="Get off shroom." X="6076.316" Y="216.5838" Z="85.89469" />
			<CustomBehavior File="MyCTM" X="6050.955" Y="235.5462" Z="47.52026" />
		</If>

		<While Condition="!IsQuestCompleted(37249)" >
			<MoveTo DestName="Strange Spore" X="5966.61" Y="412.1817" Z="63.81374" />
			<MoveTo DestName="Strange Spore" X="5999.215" Y="391.8675" Z="60.40883" />
			<CustomBehavior File="MyCTM" DestName="Strange Spore" X="6022.994" Y="380.9287" Z="52.94444" TerminateWhen="Me.Z &lt;= 42" />
			<CustomBehavior File="MyCTM" DestName="Strange Spore" X="6026.493" Y="391.806" Z="52.13401" TerminateWhen="Me.Z &lt;= 42" />
			<CustomBehavior File="ForcedDismount" />
			<DisableBehavior Name="Combat" /> <!-- To avoid slowfall buffs. -->
			<CustomBehavior File="Misc\RunLua" Lua="ToggleRun();" />
			<CustomBehavior File="MyCTM" X="6028.749" Y="396.811" Z="34.90428" TerminateWhen="Me.Z &lt;= 33" />
			<CustomBehavior File="Misc\RunLua" Lua="ToggleRun();" />
			<CustomBehavior File="InteractWith" WaitTime="9000" Name="Strange Spore" MobIds="237511" X="6031.788" Y="401.0365" Z="35.17353" TerminateWhen="Me.Z &lt;= 33 || IsQuestCompleted(37249)" />
			<EnableBehavior Name="Combat" />
			<CustomBehavior File="MyCTM" X="6035.046" Y="383.2202" Z="22.96041" />
			<If Condition="HasItem(118106)" ><CustomBehavior File="UseItem" ItemId="118106" /></If>
			<If Condition="HasItem(118106)" ><CustomBehavior File="DeleteItems" Ids="118106" /></If>
		</While>

		<If Condition="SpellManager.HasSpell(164050) &amp;&amp; !IsQuestCompleted(35966)" >	<!-- Shredder/Lumbermill (Vines) -->
			<MoveTo DestName="Remains of Grimnir Ashpick" X="6233.483" Y="825.8654" Z="111.6805" />
			<CustomBehavior File="InteractWith" WaitTime="9000" Name="Hardened Thornvine" MobId="233138" X="6239.613" Y="828.7118" Z="111.1422" />
			<CustomBehavior File="InteractWith" Name="Remains of Grimnir Ashpick" MobId="233504" X="6238.682" Y="831.1962" Z="111.6855" />
		</If>

		<If Condition="!IsQuestCompleted(36509)" >
			<MoveTo DestName="Odd Skull" X="5940.923" Y="769.8537" Z="45.89042" />
			<CustomBehavior File="InteractWith" WaitTime="9000" Name="Odd Skull" MobIds="236715" X="5940.388" Y="772.6875" Z="45.99166" />
		</If>

		<If Condition="SpellManager.HasSpell(164050) &amp;&amp; !IsQuestCompleted(36715)" >	<!-- Shredder/Lumbermill (Vines) -->
			<MoveTo DestName="Mysterious Petrified Pod 6" X="5826.881" Y="840.0173" Z="46.1126" />
			<CustomBehavior File="InteractWith" WaitTime="9000" WaitForNpcs="false" Name="Hardened Thornvine" MobId="233138" X="5825.177" Y="835.7361" Z="46.79404" />
			<CustomBehavior File="InteractWith" Name="Mysterious Petrified Pod" MobId="236260" X="5824.107" Y="835.0261" Z="46.82988" />
		</If>

		<If Condition="!IsQuestCompleted(36605)" >
			<MoveTo DestName="Remains of Balldir Deeprock" X="6539.288" Y="329.0701" Z="62.66301" />
			<CustomBehavior File="InteractWith" WaitTime="9000" Name="Remains of Balldir Deeprock" MobIds="236096" MovementBy="ClickToMoveOnly" X="6539.042" Y="337.2934" Z="62.66198" />
			<CustomBehavior File="AscendInWater" />
		</If>

		<If Condition="SpellManager.HasSpell(164050) &amp;&amp; !IsQuestCompleted(35965)" >	<!-- Shredder/Lumbermill (Vines) -->
			<MoveTo DestName="Mysterious Petrified Pod 1" X="6466.022" Y="422.1762" Z="31.49086" />
			<CustomBehavior File="InteractWith" WaitTime="9000" Name="Hardened Thornvine" MobId="233138" X="6467.844" Y="429.2431" Z="32.487" />
			<CustomBehavior File="InteractWith" Name="Mysterious Petrified Pod" MobId="233501" X="6468.098" Y="426.6042" Z="32.6678" />
		</If>

		<If Condition="SpellManager.HasSpell(&quot;Champion&apos;s Honor&quot;) &amp;&amp; !IsQuestCompleted(36738)" > <!--  Beatface/Sparring Arena (Boulders) -->
			<MoveTo DestName="Ancient Titan Chest 5" X="5960.026" Y="947.0363" Z="52.89194" />
			<CustomBehavior File="InteractWith" WaitTime="9000" Name="Odd Boulder" Range="10" MobIds="236256" X="5960.507" Y="952.1146" Z="51.21911" />
			<CustomBehavior File="InteractWith" WaitTime="9000" Name="Ancient Titan Chest" Range="6" MobIds="236349" TerminateWhen="Object(236349) == null" X="5961.171" Y="951.7587" Z="52.97749" />
		</If>

		<If Condition="SpellManager.HasSpell(&quot;Champion&apos;s Honor&quot;) &amp;&amp; !IsQuestCompleted(36781)" > <!--  Beatface/Sparring Arena (Boulders) -->
			<MoveTo DestName="Aged Stone Container 8" X="5627.139" Y="190.1843" Z="80.9455" />
			<CustomBehavior File="InteractWith" WaitTime="9000" Name="Odd Boulder" Range="10" MobIds="236256" X="5625.144" Y="196.2188" Z="80.13609" />
			<CustomBehavior File="InteractWith" WaitTime="9000" Name="Aged Stone Container" MobIds="236399" TerminateWhen="Object(236399) == null" X="5624.845" Y="196.4254" Z="82.16496" />
		</If>

		<If Condition="SpellManager.HasSpell(164050) &amp;&amp; !IsQuestCompleted(36015)" >	<!-- Shredder/Lumbermill (Vines) -->
			<MoveTo DestName="Mysterious Petrified Pod 3" X="5627.947" Y="121.649" Z="80.15672" />
			<CustomBehavior File="InteractWith" WaitTime="9000" Name="Hardened Thornvine" MobId="233138" X="5623.466" Y="117.4983" Z="81.18673" />
			<CustomBehavior File="InteractWith" Name="Mysterious Petrified Pod" MobId="233558" X="5624.428" Y="119.8611" Z="80.84805" />
		</If>

		<If Condition="SpellManager.HasSpell(&quot;Champion&apos;s Honor&quot;) &amp;&amp; !IsQuestCompleted(36782)" > <!--  Beatface/Sparring Arena (Boulders) -->
			<MoveTo DestName="Ancient Ogre Cache 4" X="5611.703" Y="631.3418" Z="104.4597" />
			<CustomBehavior File="InteractWith" WaitTime="9000" Name="Odd Boulder" Range="10" MobIds="236256" X="5604.156" Y="631.2882" Z="103.3182" />
			<CustomBehavior File="InteractWith" WaitTime="9000" Range="7" Name="Ancient Ogre Cache" MobIds="236400" TerminateWhen="Object(236400) == null" X="5604.082" Y="630.5417" Z="105.2772" />
		</If>

		<If Condition="!IsQuestCompleted(36654)" >
			<MoveTo DestName="Remains of Balik Orecrusher" X="5533.327" Y="727.6998" Z="78.07508" />
			<CustomBehavior File="InteractWith" WaitTime="9000" Name="Remains of Balik Orecrusher" MobIds="236170" X="5529.676" Y="723.4045" Z="78.21382" />
		</If>

		<If Condition="SpellManager.HasSpell(164050) &amp;&amp; !IsQuestCompleted(35967)" >	<!-- Shredder/Lumbermill (Vines) -->
			<MoveTo DestName="Unknown Petrified Egg 1" X="5656.521" Y="848.0499" Z="91.04884" />
			<CustomBehavior File="InteractWith" WaitTime="9000" WaitForNpcs="false" Name="Hardened Thornvine" MobId="233138" X="5653.662" Y="844.7674" Z="92.0816" />
			<CustomBehavior File="InteractWith" Name="Unknown Petrified Egg" MobId="233505" X="5651.58" Y="843.8871" Z="92.65549" />
		</If>

		<If Condition="!IsQuestCompleted(35709)" >
			<MoveTo DestName="Laughing Skull Cache" X="5546.475" Y="1453.754" Z="111.6413" />
			<CustomBehavior File="InteractWith" WaitTime="9000" Name="Laughing Skull Cache" MobIds="233149" X="5541.935" Y="1452.163" Z="112.7221" />
		</If>

		<If Condition="!IsQuestCompleted(34940)" >
			<MoveTo DestName="Strange Looking Dagger" X="5231.911" Y="735.1924" Z="109.575" />
			<CustomBehavior File="InteractWith" WaitTime="9000" Name="Strange Looking Dagger" MobIds="231069" X="5232.353" Y="735.2917" Z="109.4283" />
		</If>

		<If Condition="SpellManager.HasSpell(164050) &amp;&amp; !IsQuestCompleted(35968)" >	<!-- Shredder/Lumbermill (Vines) -->
			<MoveTo DestName="Forgotten Ogre Cache" X="5288.479" Y="1006.808" Z="111.6565" />
			<CustomBehavior File="InteractWith" WaitTime="9000" Name="Hardened Thornvine" MobId="233138" X="5293.93" Y="1004.097" Z="113.7589" />
			<CustomBehavior File="InteractWith" WaitTime="9000" Name="Forgotten Ogre Cache" MobId="233507" X="5293.418" Y="1006.38" Z="113.8617" />
		</If>

		<If Condition="SpellManager.HasSpell(&quot;Champion&apos;s Honor&quot;) &amp;&amp; !IsQuestCompleted(36783)" > <!--  Beatface/Sparring Arena (Boulders) -->
			<MoveTo DestName="Ancient Titan Chest 6" X="5102.57" Y="1049.946" Z="104.3589" />
			<CustomBehavior File="InteractWith" WaitTime="9000" Name="Odd Boulder" Range="10" MobIds="236256" X="5094.614" Y="1049.083" Z="103.1963" />
			<CustomBehavior File="InteractWith" WaitTime="9000" Name="Ancient Titan Chest" Range="6" MobIds="236402" TerminateWhen="Object(236402) == null" X="5094.429" Y="1049.877" Z="104.0556" />
		</If>

		<If Condition="SpellManager.HasSpell(&quot;Champion&apos;s Honor&quot;) &amp;&amp; !IsQuestCompleted(36784)" > <!--  Beatface/Sparring Arena (Boulders) -->
			<MoveTo DestName="Aged Stone Container 9" X="4781.694" Y="1318.272" Z="137.6987" />
			<CustomBehavior File="InteractWith" WaitTime="9000" Name="Odd Boulder" Range="10" MobIds="236256" X="4782.005" Y="1326.677" Z="137.9523" />
			<CustomBehavior File="InteractWith" WaitTime="9000" Range="7" Name="Aged Stone Container" MobIds="236404" TerminateWhen="Object(236404) == null" X="4781.897" Y="1326.46" Z="138.6905" />
		</If>

		<If Condition="SpellManager.HasSpell(164050) &amp;&amp; !IsQuestCompleted(36019)" >	<!-- Shredder/Lumbermill (Vines) -->
			<MoveTo DestName="Forgotten Skull Cache 2" X="4721.091" Y="1314.357" Z="131.8211" />
			<CustomBehavior File="InteractWith" WaitTime="9000" Name="Hardened Thornvine" MobId="233138" X="4722.339" Y="1318.608" Z="132.8788" />
			<CustomBehavior File="InteractWith" Name="Forgotten Skull Cache" MobId="233559" X="4722.083" Y="1321.438" Z="133.146" />
		</If>

		<While Condition="!IsQuestCompleted(36604)" > <!-- Needs testing. I mistakenly let the bot loot it too soon on the first test. -->
			<MoveTo DestName="Stashed Emergency Rucksack" X="4504.566" Y="1135.759" Z="172.1295" />
			<CustomBehavior File="WaitTimer" WaitTime="10000" TerminateWhen="!Me.Combat" />
			<MoveTo DestName="Stashed Emergency Rucksack" X="4504.566" Y="1135.759" Z="172.1295" />
			<CustomBehavior File="ForcedDismount" />
			<CustomBehavior File="MyCTM" X="4501.37" Y="1140.763" Z="172.1448" TerminateWhen="Me.Combat" />
			<CustomBehavior File="MyCTM" X="4494.667" Y="1142.092" Z="175.5793" TerminateWhen="Me.Combat" />
			<CustomBehavior File="MyCTM" X="4495.111" Y="1142.147" Z="175.5854" TerminateWhen="Me.Combat" />
			<CustomBehavior File="WaitTimer" WaitTime="200" />
			<CustomBehavior File="Misc\RunLua" Lua="JumpOrAscendStart();" WaitTime="15" />
			<CustomBehavior File="Misc\RunLua" Lua="MoveForwardStart();" WaitTime="100" />
			<CustomBehavior File="Misc\RunLua" Lua="MoveForwardStop(); AscendStop();" WaitTime="300" />
			<CustomBehavior File="WaitTimer" WaitTime="500" />
			<CustomBehavior File="RunCode" Code="Me.SetFacing(3);" />
			<CustomBehavior File="WaitTimer" WaitTime="500" />
			<CustomBehavior File="Misc\RunLua" Lua="JumpOrAscendStart();" WaitTime="15" />
			<CustomBehavior File="Misc\RunLua" Lua="MoveForwardStart();" WaitTime="100" />
			<CustomBehavior File="Misc\RunLua" Lua="MoveForwardStop(); AscendStop();" WaitTime="300" />
			<CustomBehavior File="MyCTM" X="4491.065" Y="1141.525" Z="177.9396" TerminateWhen="Me.Z &lt;=173" />
			<CustomBehavior File="ForcedMount" />
			<CustomBehavior File="WaitTimer" WaitTime="500" />
			<CustomBehavior File="RunCode" Code="Me.SetFacing(new WoWPoint(4502.279, 1135.887, 178.562));" />
			<CustomBehavior File="WaitTimer" WaitTime="500" />
			<CustomBehavior File="Misc\RunLua" Lua="MoveForwardStart();" WaitTime="50" />
			<CustomBehavior File="Misc\RunLua" Lua="JumpOrAscendStart();" WaitTime="15" />
			<CustomBehavior File="Misc\RunLua" Lua="MoveForwardStop(); AscendStop();" WaitTime="300" />
			<CustomBehavior File="ForcedDismount" />
			<CustomBehavior File="InteractWith" WaitTime="9000" Range="7" Name="Stashed Emergency Rucksack" MobIds="236092" X="4500.716" Y="1131.722" Z="181.6864" TerminateWhen="Me.Z &lt;=173 || IsQuestCompleted(36604)" />
			<CustomBehavior File="WaitTimer" WaitTime="60000" TerminateWhen="IsQuestCompleted(36604)" />
			<CustomBehavior File="MyCTM" X="4494.964" Y="1130.115" Z="170.8546" TerminateWhen="Me.Z &lt;=173" />
		</While>

		<If Condition="SpellManager.HasSpell(164050) &amp;&amp; !IsQuestCompleted(35975)" >	<!-- Shredder/Lumbermill (Vines) -->
			<MoveTo DestName="Remains of Explorer Engineer Toldirk Ashlamp" X="4494.305" Y="1309.895" Z="145.3564" />
			<CustomBehavior File="InteractWith" WaitTime="9000" Name="Hardened Thornvine" MobId="233138" X="4491.847" Y="1305.917" Z="145.0294" />
			<CustomBehavior File="InteractWith" Name="Remains of Explorer Engineer Toldirk Ashlamp" MobId="233520" X="4489.813" Y="1308.092" Z="144.8934" />
		</If>

		<While Condition="!IsQuestCompleted(34241)" >
			<MoveTo DestName="Ockbar's Pack" X="4527.386" Y="1539.301" Z="150.8751" />
			<CustomBehavior File="InteractWith" WaitForNpcs="false" Name="Intimidating Baby Adder" MobId="77872" X="4521.463" Y="1542.885" Z="150.943" TerminateWhen="IsQuestCompleted(34241)" />
			<CustomBehavior File="InteractWith" WaitTime="9000" Range="7" Name="Ockbar's Pack" MobId="227998" X="4526.307" Y="1546.587" Z="150.9805" TerminateWhen="IsQuestCompleted(34241)" />
		</While>

		<If Condition="SpellManager.HasSpell(&quot;Champion&apos;s Honor&quot;) &amp;&amp; !IsQuestCompleted(36787)" > <!--  Beatface/Sparring Arena (Boulders) -->
			<MoveTo DestName="Ancient Ogre Cache 5" X="4521.467" Y="1618.141" Z="205.5471" />
			<CustomBehavior File="InteractWith" WaitTime="9000" Name="Odd Boulder" Range="10" MobIds="236256" X="4516.903" Y="1618.505" Z="204.1904" />
			<CustomBehavior File="InteractWith" WaitTime="9000" Range="7" Name="Ancient Ogre Cache" MobIds="236406" TerminateWhen="Object(236406) == null" X="4516.721" Y="1618.568" Z="205.4376" />
		</If>

		<If Condition="SpellManager.HasSpell(&quot;Champion&apos;s Honor&quot;) &amp;&amp; !IsQuestCompleted(36789)" > <!--  Beatface/Sparring Arena (Boulders) -->
			<MoveTo DestName="Ancient Ogre Cache 6" X="4879.386" Y="1672.804" Z="122.7797" />
			<CustomBehavior File="InteractWith" WaitTime="9000" Name="Odd Boulder" Range="10" MobIds="236256" X="4873.813" Y="1671.651" Z="122.9597" />
			<CustomBehavior File="InteractWith" WaitTime="9000" Range="7" Name="Ancient Ogre Cache" MobIds="236407" TerminateWhen="Object(236407) == null" X="4874.052" Y="1671.889" Z="124.876" />
		</If>

		<If Condition="SpellManager.HasSpell(164050) &amp;&amp; !IsQuestCompleted(35981)" >	<!-- Shredder/Lumbermill (Vines) -->
			<MoveTo DestName="Unknown Petrified Egg 2" X="5130.976" Y="1358.435" Z="89.45229" />
			<CustomBehavior File="InteractWith" WaitTime="9000" Name="Hardened Thornvine" MobId="233138" X="5124.49" Y="1359.781" Z="91.66593" />
			<CustomBehavior File="InteractWith" Name="Unknown Petrified Egg" MobId="233524" X="5123.101" Y="1361.264" Z="92.08721" />
		</If>

		<If Condition="!IsQuestCompleted(36625)" >
			<MoveTo DestName="Discarded Pack" X="5042.827" Y="1602.269" Z="95.37985" />
			<CustomBehavior File="InteractWith" WaitTime="9000" Range="7" Name="Discarded Pack" MobIds="236141" X="5043.693" Y="1603.094" Z="95.46562" />
		</If>

		<If Condition="SpellManager.HasSpell(164050) &amp;&amp; !IsQuestCompleted(35982)" >	<!-- Shredder/Lumbermill (Vines) -->
			<MoveTo DestName="Botani Essence Seed" X="5142.694" Y="1622.565" Z="73.25002" />
			<CustomBehavior File="InteractWith" WaitTime="9000" Name="Hardened Thornvine" MobId="233138" X="5146.987" Y="1632.967" Z="73.14082" />
			<CustomBehavior File="InteractWith" Name="Botani Essence Seed" MobId="233525" X="5145.028" Y="1633.694" Z="71.16007" />
		</If>

		<If Condition="!IsQuestCompleted(36658)" >
			<MoveTo DestName="Evermorn Supply Cache" X="5333.23" Y="1650.701" Z="91.65425" />
			<CustomBehavior File="InteractWith" WaitTime="9000" Range="7" Name="Evermorn Supply Cache" MobIds="236178" X="5337.245" Y="1647.179" Z="92.66664" />
		</If>

		<If Condition="SpellManager.HasSpell(164050) &amp;&amp; !IsQuestCompleted(35980)" >	<!-- Shredder/Lumbermill (Vines) -->
			<MoveTo DestName="Mysterious Petrified Pod 2" X="5371.78" Y="1703.004" Z="97.67139" />
			<CustomBehavior File="InteractWith" WaitTime="9000" Name="Hardened Thornvine" MobId="233138" X="5380.292" Y="1700.908" Z="97.18447" />
			<CustomBehavior File="InteractWith" Name="Mysterious Petrified Pod" MobId="233523" X="5379.155" Y="1702.519" Z="96.78416" />
		</If>

		<If Condition="!IsQuestCompleted(36621)" >
			<MoveTo DestName="Explorer Canister" X="5379.25" Y="1758.493" Z="97.45803" />
			<CustomBehavior File="MyCTM" X="5415.13" Y="1765.234" Z="86.70693" />
			<CustomBehavior File="InteractWith" WaitTime="9000" Name="Explorer Canister" MobIds="236139" X="5414.996" Y="1766.139" Z="85.41508" />
			<CustomBehavior File="MyCTM" X="5420.629" Y="1727.527" Z="96.3681" />
			<If Condition="HasItem(118710)" ><CustomBehavior File="UseItem" ItemId="118710" /></If>
		</If>

		<While Condition="!IsQuestCompleted(36170)" >
			<!-- Messy but terrible location... -->
			<MoveTo DestName="Femur of Improbability" X="5642.904" Y="1783.994" Z="118.4085" />
			<CustomBehavior File="ForcedDismount" /> <!-- Clear out mobs attacking us before setting up for the MyCTM. -->
			<MoveTo DestName="Femur of Improbability" X="5648.644" Y="1792.814" Z="122.3242" />
			<CustomBehavior File="WaitTimer" WaitTime="4000" GoalText="Stop moving: {TimeRemaining}" />
			<If Condition="Object(233917) != null" >
				<CustomBehavior File="InteractWith" WaitTime="9000" IgnoreLoS="true" Name="Femur of Improbability" MobIds="233917" X="5653.285" Y="1792.845" Z="122.8971" TerminateWhen="IsQuestCompleted(36170) || (Object(233917, o =&gt; o.ToGameObject().State != WoWGameObjectState.Ready) != null)" />
				<CustomBehavior File="MyCTM" DestName="Femur of Improbability" X="5636.912" Y="1795.986" Z="117.7893" /> <!-- May want to include a MinRange here. -->
				<CustomBehavior File="WaitTimer" WaitTime="60000" TerminateWhen="IsQuestCompleted(36170)" />
			</If>
		</While>

		<If Condition="!IsQuestCompleted(36118)" >
			<MoveTo DestName="Pile of Rubble" X="5742.745" Y="1473.1" Z="110.1575" />
			<CustomBehavior File="InteractWith" WaitTime="9000" Name="Pile of Rubble" MobId="233792" X="5748.049" Y="1473.79" Z="110.154" />
		</If>

		<If Condition="SpellManager.HasSpell(&quot;Champion&apos;s Honor&quot;) &amp;&amp; !IsQuestCompleted(36737)" > <!-- Had issues interacting with Cache  Beatface/Sparring Arena (Boulders) -->
			<MoveTo DestName="Ancient Ogre Cache 2" X="5751.632" Y="1427.841" Z="104.5471" />
			<CustomBehavior File="MyCTM" DestName="Ancient Ogre Cache" X="5774.607" Y="1390.107" Z="117.236" />
			<CustomBehavior File="InteractWith" WaitTime="9000" Name="Odd Boulder" Range="10" MobIds="236717" X="5780.646" Y="1383.946" Z="116.566" />
			<CustomBehavior File="MyCTM" X="5778.341" Y="1384.541" Z="117.1594" />
			<CustomBehavior File="InteractWith" Name="Ancient Ogre Cache" Range="5" MobId="236348" X="5778.484" Y="1381.252" Z="116.8505" />
			<CustomBehavior File="MyCTM" X="5727.312" Y="1398.592" Z="102.4746" />
		</If>

		<If Condition="SpellManager.HasSpell(164050) &amp;&amp; !IsQuestCompleted(35971)" > <!-- Shredder/Lumbermill (Vines) -->
			<MoveTo DestName="Forgotten Skull Cache 1" X="5833.114" Y="1223.57" Z="120.1907" />
			<CustomBehavior File="InteractWith" WaitTime="9000" WaitForNpcs="false" Range="10" Name="Hardened Thornvine" MobId="233138" X="5828.854" Y="1223.512" Z="119.4686" />
			<CustomBehavior File="InteractWith" WaitForNpcs="false" Name="Forgotten Skull Cache" MobId="233513" X="5826.502" Y="1222.625" Z="119.2643" />
		</If>

		<If Condition="SpellManager.HasSpell(164050) &amp;&amp; !IsQuestCompleted(35979)" > <!-- Shredder/Lumbermill (Vines) -->
			<MoveTo DestName="Obsidian Crystal Formation" X="5919.288" Y="1724.816" Z="62.6785" />
			<CustomBehavior File="InteractWith" WaitTime="9000" WaitForNpcs="false" Range="10" Name="Hardened Thornvine" MobId="233138" X="5922.855" Y="1718.797" Z="62.67829" />
			<CustomBehavior File="InteractWith" WaitForNpcs="false" Name="Obsidian Crystal Formation" MobId="233522" X="5920.523" Y="1718.245" Z="62.67829" />
		</If>

		<While Condition="!IsQuestCompleted(36631)" >
			<MoveTo DestName="Sasha's Secret Stash" X="5871.312" Y="1867.429" Z="134.677" />
			<CustomBehavior File="WaitTimer" WaitTime="5000" TerminateWhen="!Me.Combat" />
			<CustomBehavior File="ForcedDismount" />
			<DisableBehavior Name="Combat" /> <!-- Prevent Slowfall buffs -->
			<CustomBehavior File="Misc\RunLua" Lua="ToggleRun();" />
			<CustomBehavior File="MyCTM" X="5875.519" Y="1866.204" Z="133.3268" TerminateWhen="Me.Z &lt;= 125" />
			<CustomBehavior File="MyCTM" X="5877.5" Y="1873.959" Z="134.1208" TerminateWhen="Me.Z &lt;= 125" />
			<CustomBehavior File="MyCTM" X="5879.836" Y="1872.353" Z="129.8372" TerminateWhen="Me.Z &lt;= 125" />
			<CustomBehavior File="WaitTimer" WaitTime="850" />
			<CustomBehavior File="InteractWith" WaitTime="2000" Range="7" IgnoreLoS="true" Name="Sasha's Secret Stash" MobId="236149" X="5880.694" Y="1873.717" Z="123.928" TerminateWhen="Me.Z &lt;= 125 || IsQuestCompleted(36631)" />
			<EnableBehavior Name="Combat" />
			<CustomBehavior File="Misc\RunLua" Lua="ToggleRun();" />
			<CustomBehavior File="MyCTM" X="5876.31" Y="1890.372" Z="98.87107" TerminateWhen="Me.Z &lt;= 90" /> 
			<CustomBehavior File="MyCTM" X="5889.656" Y="1893.89" Z="81.63779" />
		</While>

		<If Condition="SpellManager.HasSpell(&quot;Champion&apos;s Honor&quot;) &amp;&amp; !IsQuestCompleted(36729)" > <!--  Beatface/Sparring Arena (Boulders) -->
			<MoveTo DestName="Obsidian Crystal Formation 3" X="6081.887" Y="1624.315" Z="75.46944" />
			<CustomBehavior File="InteractWith" WaitTime="9000" Name="Odd Boulder" Range="10" MobIds="236256" X="6086.452" Y="1627.78" Z="74.77997" />
			<CustomBehavior File="InteractWith" WaitTime="9000" Name="Obsidian Crystal Formation" MobIds="236278" TerminateWhen="Object(236278) == null" X="6085.777" Y="1627.929" Z="75.35024" />
		</If>
		
		<If Condition="SpellManager.HasSpell(&quot;Champion&apos;s Honor&quot;) &amp;&amp; !IsQuestCompleted(36728)" > <!--  Beatface/Sparring Arena (Boulders) -->
			<MoveTo DestName="Obsidian Crystal Formation 2" X="6370.753" Y="1646.723" Z="41.59045" />
			<CustomBehavior File="InteractWith" WaitTime="9000" Name="Odd Boulder" Range="10" MobIds="236256" X="6379.268" Y="1644.361" Z="40.07561" />
			<CustomBehavior File="InteractWith" WaitTime="9000" Name="Obsidian Crystal Formation" MobIds="236276" TerminateWhen="Object(236276) == null" X="6380.192" Y="1644.688" Z="41.5019" />
		</If>

		<If Condition="SpellManager.HasSpell(164050) &amp;&amp; !IsQuestCompleted(36003)" > <!-- Shredder/Lumbermill (Vines) -->
			<MoveTo DestName="Aged Stone Container 2" X="6606.168" Y="1598.022" Z="78.49781" />
			<CustomBehavior File="InteractWith" WaitTime="9000" WaitForNpcs="false" Range="10" Name="Hardened Thornvine" MobId="233138" X="6601.958" Y="1605.403" Z="78.81752" />
			<CustomBehavior File="InteractWith" WaitForNpcs="false" Name="Aged Stone Container" MobId="233552" X="6604.423" Y="1604.821" Z="78.83047" />
		</If>

		<If Condition="!IsQuestCompleted(36506)" >
			<MoveTo DestName="Brokor's Sack" X="6702.781" Y="1660.419" Z="69.46298" />
			<CustomBehavior File="WaitTimer" WaitTime="3000" GoalText="Waiting for aggro: {TimeRemaining}" />
			<CustomBehavior File="InteractWith" WaitTime="9000" Name="Brokor's Sack" MobIds="235859" X="6702.746" Y="1654.592" Z="69.07108" />
		</If>

		<If Condition="SpellManager.HasSpell(164050) &amp;&amp; !IsQuestCompleted(36716)" > <!-- Shredder/Lumbermill (Vines) -->
			<MoveTo DestName="Forgotten Skull Cache 3" X="6522.858" Y="1841.678" Z="48.63805" />
			<CustomBehavior File="InteractWith" WaitTime="9000" WaitForNpcs="false" Range="10" Name="Hardened Thornvine" MobId="233138" X="6521.388" Y="1847.863" Z="48.24785" />
			<CustomBehavior File="InteractWith" WaitForNpcs="false" Name="Forgotten Skull Cache" MobId="236264" X="6523.04" Y="1850.745" Z="48.63737" />
		</If>

		<If Condition="SpellManager.HasSpell(&quot;Champion&apos;s Honor&quot;) &amp;&amp; !IsQuestCompleted(36727)" > <!--  Beatface/Sparring Arena (Boulders) -->
			<MoveTo DestName="Ancient Titan Chest 2" X="6756.757" Y="1611.986" Z="78.07011" />
			<CustomBehavior File="InteractWith" WaitTime="9000" Name="Odd Boulder" Range="10" MobIds="236256" X="6756.757" Y="1611.986" Z="78.07011" />
			<CustomBehavior File="InteractWith" WaitTime="9000" Name="Ancient Titan Chest" Range="10" MobIds="236275" TerminateWhen="Object(236275) == null" X="6756.757" Y="1611.986" Z="78.07011" />
		</If>

		<If Condition="SpellManager.HasSpell(&quot;Champion&apos;s Honor&quot;) &amp;&amp; !IsQuestCompleted(36731)" > <!--  Beatface/Sparring Arena (Boulders) -->
			<MoveTo DestName="Ancient Titan Chest 3" X="6768.947" Y="1517.085" Z="14.51768" />
			<CustomBehavior File="InteractWith" WaitTime="9000" Name="Odd Boulder" MobIds="236256" X="6772.321" Y="1520.582" Z="13.38123" />
			<CustomBehavior File="InteractWith" WaitTime="9000" Name="Ancient Titan Chest" MobIds="236280" TerminateWhen="Object(236280) == null" X="6772.521" Y="1520.958" Z="14.51746" />
		</If>

		<If Condition="SpellManager.HasSpell(&quot;Champion&apos;s Honor&quot;) &amp;&amp; !IsQuestCompleted(36722)" > <!--  Beatface/Sparring Arena (Boulders) -->
			<MoveTo DestName="Aged Stone Container 1" X="6897.111" Y="1341.194" Z="35.49945" />
			<CustomBehavior File="InteractWith" WaitTime="9000" Name="Odd Boulder" MobIds="236256" X="6900.645" Y="1335.446" Z="32.77523" />
			<CustomBehavior File="InteractWith" WaitTime="9000" Name="Aged Stone Container" MobIds="236270" TerminateWhen="Object(236270) == null" X="6902.425" Y="1335.677" Z="33.70165" />
		</If>

		<If Condition="!IsQuestCompleted(36610)" >
			<MoveTo DestName="Suntouched Spear" X="6880.062" Y="1330.691" Z="64.46436" />
			<CustomBehavior File="InteractWith" Name="Suntouched Spear" MobIds="236099" X="6880.062" Y="1330.691" Z="64.46436" />
		</If>

		<If Condition="!IsQuestCompleted(36651)" >
			<MoveTo DestName="Harvestable Precious Crystal" X="6864.621" Y="1297.223" Z="-27.35208" />
			<CustomBehavior File="InteractWith" WaitTime="9000" Name="Harvestable Precious Crystal" MobIds="236169" X="6865.279" Y="1296.707" Z="-27.89141" />
		</If>

		<If Condition="SpellManager.HasSpell(164050) &amp;&amp; !IsQuestCompleted(36718)" > <!-- Shredder/Lumbermill (Vines) -->
			<MoveTo DestName="Unknown Petrified Egg 5" X="6766.724" Y="1208.969" Z="68.43802" />
			<CustomBehavior File="InteractWith" WaitTime="9000" WaitForNpcs="false" Range="10" Name="Hardened Thornvine" MobId="233138" X="6768.144" Y="1205.938" Z="68.20511" />
			<CustomBehavior File="InteractWith" WaitForNpcs="false" Name="Unknown Petrified Egg" MobId="236266" X="6766.718" Y="1203.714" Z="68.44013" />
		</If>

		<While Condition="!IsQuestCompleted(36203)" >
			<MoveTo DestName="Warm Goren Egg" X="7015.133" Y="1066.987" Z="27.92264" />
			<CustomBehavior File="InteractWith" WaitTime="9000" Name="Warm Goren Egg" MobIds="234054" X="7011.023" Y="1064.405" Z="27.88482" TerminateWhen="IsQuestCompleted(36203)" />
		</While>

		<!--<If Condition="SpellManager.HasSpell(164050) &amp;&amp; !IsQuestCompleted(950000)" >  Warning, ID is missing completely.  Using WaitForNpcs="false" to prevent stucks. 
			<MoveTo DestName="Aged Stone Container 1" X="6948.352" Y="1052.453" Z="70.71746" />
			<CustomBehavior File="InteractWith" WaitTime="9000" WaitForNpcs="false" Range="10" Name="Hardened Thornvine" MobIds="233138" X="6948.352" Y="1052.453" Z="70.71746" />
			<CustomBehavior File="InteractWith" WaitTime="9000" WaitForNpcs="false" MobIds="233455" X="6948.707" Y="1054.359" Z="70.91316" TerminateWhen="Object(233455) == null" />
		</If>  Check Me, uncomment once finished testing. -->

		<If Condition="SpellManager.HasSpell(164050) &amp;&amp; !IsQuestCompleted(35701)" > <!-- Shredder/Lumbermill (Vines) -->
			<MoveTo DestName="Ancient Titan Chest 1" X="7034.913" Y="704.522" Z="140.0238" />
			<CustomBehavior File="InteractWith" WaitTime="9000" WaitForNpcs="false" Range="10" Name="Hardened Thornvine" MobId="233138" X="7038.315" Y="707.1649" Z="140.0417" />
			<CustomBehavior File="InteractWith" WaitForNpcs="false" Name="Ancient Titan Chest" MobId="233139" X="7039.32" Y="704.5018" Z="140.3142" />
		</If>

		<If Condition="SpellManager.HasSpell(164050) &amp;&amp; !IsQuestCompleted(35984)" > <!-- Shredder/Lumbermill (Vines) -->
			<MoveTo DestName="Ancient Titan Chest 2" X="6664.891" Y="963.4808" Z="74.19382" />
			<CustomBehavior File="InteractWith" WaitTime="9000" WaitForNpcs="false" Range="10" Name="Hardened Thornvine" MobId="233138" X="6660.622" Y="967.5972" Z="73.93556" />
			<CustomBehavior File="InteractWith" WaitForNpcs="false" Name="Ancient Titan Chest" MobId="233526" X="6659.609" Y="965.6458" Z="73.9093" />
		</If>

		<If Condition="SpellManager.HasSpell(&quot;Champion&apos;s Honor&quot;) &amp;&amp; !IsQuestCompleted(36723)" > <!--  Beatface/Sparring Arena (Boulders) -->
			<MoveTo DestName="Aged Stone Container 2" X="7102.057" Y="1532.334" Z="-42.84914" />
			<CustomBehavior File="InteractWith" WaitTime="9000" Name="Odd Boulder" MobIds="236256" X="7097.606" Y="1531.733" Z="-43.89156" />
			<CustomBehavior File="InteractWith" WaitTime="9000" Name="Aged Stone Container" MobIds="236271" TerminateWhen="Object(236271) == null" X="7096.861" Y="1532.474" Z="-42.78429" />
		</If>

		<If Condition="SpellManager.HasSpell(164050) &amp;&amp; !IsQuestCompleted(36720)" > <!-- Shredder/Lumbermill (Vines) -->
			<MoveTo DestName="Ancient Titan Chest 3" X="7084.592" Y="1624.801" Z="-50.35589" />
			<CustomBehavior File="InteractWith" WaitTime="9000" Name="Hardened Thornvine" MobIds="233138"  X="7080.563" Y="1623.181" Z="-50.74583" />
			<CustomBehavior File="InteractWith" Name="Ancient Titan Chest" MobIds="236267" X="7078.941" Y="1625.811" Z="-51.06047" />
		</If>

		<If Condition="!IsQuestCompleted(35056)" >
			<MoveTo DestName="Horned Skull" X="7039.002" Y="1585.947" Z="-32.45506" />
			<CustomBehavior File="InteractWith" Name="Horned Skull" MobIds="231644" X="7036.018" Y="1584.538" Z="-30.95439" />
		</If>

		<If Condition="SpellManager.HasSpell(&quot;Champion&apos;s Honor&quot;) &amp;&amp; !IsQuestCompleted(36732)" > <!-- Wrong ID Beatface/Sparring Arena (Boulders) -->
			<MoveTo DestName="Obsidian Crystal Formation 4" X="7099.936" Y="1535.746" Z="-42.9433" />
			<CustomBehavior File="InteractWith" WaitTime="9000" Name="Odd Boulder" MobIds="236256" X="7122.342" Y="1651.898" Z="98.26754" />
			<CustomBehavior File="InteractWith" Name="Obsidian Crystal Formation" MobIds="236282" TerminateWhen="Object(236282) == null" X="7047.219" Y="1454.274" Z="33.6222" />
		</If>

		<If Condition="SpellManager.HasSpell(164050) &amp;&amp; !IsQuestCompleted(36001)" > <!-- Shredder/Lumbermill (Vines) -->
			<MoveTo DestName="Unknown Petrified Egg 3" X="7216.458" Y="1553.538" Z="87.07788" />
			<CustomBehavior File="InteractWith" WaitTime="9000" Name="Hardened Thornvine" MobIds="233138" X="7218.971" Y="1555.646" Z="86.72861" />
			<CustomBehavior File="InteractWith" Name="Unknown Petrified Egg" MobIds="233550" X="7218.859" Y="1558.069" Z="86.60017" />
		</If>

		<If Condition="SpellManager.HasSpell(&quot;Champion&apos;s Honor&quot;) &amp;&amp; !IsQuestCompleted(36726)" > <!--  Beatface/Sparring Arena (Boulders) -->
			<MoveTo DestName="Aged Stone Container 3" X="7118.672" Y="1648.843" Z="98.80813" />
			<CustomBehavior File="InteractWith" WaitTime="9000" Name="Odd Boulder" MobIds="236256" X="7122.342" Y="1651.898" Z="98.26754" />
			<CustomBehavior File="InteractWith" WaitTime="9000" Name="Aged Stone Container" MobIds="236274" TerminateWhen="Object(236274) == null" X="7122.329" Y="1652.021" Z="99.38504" />
		</If>

		<If Condition="!IsQuestCompleted(36618)" >
			<MoveTo DestName="Iron Supply Chest" X="7274.589" Y="1494.221" Z="37.77158" />
			<CustomBehavior File="InteractWith" Name="Iron Supply Chest" MobIds="236138" X="7274.203" Y="1493.936" Z="37.75377" />
		</If>

		<If Condition="!IsQuestCompleted(36521)" >
			<MoveTo DestName="Petrified Rylak Egg" X="7252.97" Y="1281.168" Z="70.64374" />
			<CustomBehavior File="InteractWith" Name="Petrified Rylak Egg" MobIds="235881" X="7248.598" Y="1285.319" Z="70.31361" />
		</If>

		<If Condition="SpellManager.HasSpell(&quot;Champion&apos;s Honor&quot;) &amp;&amp; !IsQuestCompleted(36733)" > <!--  Beatface/Sparring Arena (Boulders) -->
			<MoveTo DestName="Ancient Ogre Cache 1" X="7245.098" Y="1336.787" Z="69.02982" />
			<CustomBehavior File="InteractWith" WaitTime="9000" Name="Odd Boulder" MobIds="236256" X="7246.787" Y="1342.564" Z="68.12889" />
			<CustomBehavior File="InteractWith" Name="Ancient Ogre Cache" MobIds="236284" TerminateWhen="Object(236284) == null" X="7247.283" Y="1342.941" Z="69.3913" />
		</If>

		<If Condition="!IsQuestCompleted(36634)" >
			<MoveTo DestName="Sniper's Crossbow" X="7266.933" Y="1390.328" Z="89.5215" />
			<CustomBehavior File="InteractWith" WaitTime="9000" Name="Sniper's Crossbow" MobIds="236158" X="7266.995" Y="1390.825" Z="89.51644" />
		</If>

		<If Condition="SpellManager.HasSpell(&quot;Champion&apos;s Honor&quot;) &amp;&amp; !IsQuestCompleted(36735)" > <!--  Beatface/Sparring Arena (Boulders) -->
			<MoveTo DestName="Ancient Titan Chest 4" X="7413.179" Y="1143.596" Z="67.13361" />
			<CustomBehavior File="InteractWith" WaitTime="9000" Name="Odd Boulder" MobIds="236256" X="7410.827" Y="1147.132" Z="65.71391" />
			<CustomBehavior File="InteractWith" WaitTime="9000" Name="Ancient Titan Chest" MobIds="236288" TerminateWhen="Object(236288) == null" X="7410.851" Y="1147.809" Z="67.10632" />
		</If>

		<If Condition="SpellManager.HasSpell(&quot;Champion&apos;s Honor&quot;) &amp;&amp; !IsQuestCompleted(36734)" > <!--  Beatface/Sparring Arena (Boulders) -->
			<MoveTo DestName="Aged Stone Container 5" X="7383.339" Y="866.2812" Z="125.2709" />
			<CustomBehavior File="WaitTimer" WaitTime="4000" GoalText="Stop moving: {TimeRemaining}" />
			<CustomBehavior File="InteractWith" WaitTime="9000" Name="Odd Boulder" MobIds="236256" X="7379.732" Y="868.8889" Z="122.7004" />
			<CustomBehavior File="InteractWith" Name="Ancient Titan Chest" MobIds="236285" TerminateWhen="Object(236285) == null" X="7379.397" Y="869.1511" Z="123.84" />
		</If>

		<If Condition="!IsQuestCompleted(36596)" >
			<MoveTo DestName="Weapons Cache" X="7211.82" Y="1036.87" Z="62.63895" />
			<CustomBehavior File="WaitTimer" WaitTime="4000" GoalText="Stop moving: {TimeRemaining}" />
			<CustomBehavior File="InteractWith" Name="Weapons Cache" MobIds="235869" TerminateWhen="Object(235869) == null" X="7211.82" Y="1036.87" Z="62.63895" />
			<If Condition="HasItem(107645)" ><CustomBehavior File="UseItem" ItemId="107645" /></If>
		</If>

		<If Condition="SpellManager.HasSpell(164050) &amp;&amp; !IsQuestCompleted(36717)" > <!-- Shredder/Lumbermill (Vines) -->
			<MoveTo DestName="Aged Stone Container 3" X="7207.593" Y="1178.026" Z="34.50836" />
			<CustomBehavior File="InteractWith" WaitTime="9000" Name="Hardened Thornvine" MobId="233138" X="7209.983" Y="1181.337" Z="34.56076" />
			<CustomBehavior File="InteractWith" Name="Aged Stone Container" MobId="236265" X="7211.749" Y="1181.906" Z="34.57986" />
		</If>

		<CustomBehavior File="RunCode" Code="Logging.Write(System.Windows.Media.Colors.BlueViolet, &quot;[Profile Notification]: Treasure farming complete!  Going to mail and vendor.&quot;);" />

		<CustomBehavior File="ForceSetVendor" DoSell="True" DoRepair="True" />

		<CustomBehavior File="UserSettings" Preset="UserOriginal" />
		<CustomBehavior File="LoadProfile" ProfileName="Nagrand Treasure Hunter.xml" RememberProfile="false" />

	</QuestOrder>

	<!-- Template
		<While Condition="!IsQuestCompleted(33940)" >
		<MoveTo DestName="Crag-Leaper's Cache" X="6980.578" Y="4897.733" Z="185.2966" />
		<CustomBehavior File="InteractWith" WaitTime="9000" MobIds="226983" ProactiveCombatStrategy="ClearMobsThatWillAggro" MovementBy="NavigatorOnly" >
			<HuntingGrounds>
				<Hotspot Name="Crag-Leaper's Cache" X="6980.578" Y="4897.733" Z="185.2966" />
			</HuntingGrounds>
		</CustomBehavior>
		</While>
		-->


	<Quest Name="DummyKillMob" Id="123456" >
		<Objective Type="KillMob" MobId="1" Name="Mob" KillCount="1">
			<Hotspots>
				<Hotspot X="1" Y="1" Z="1" />
			</Hotspots>
		</Objective>
	</Quest>

	<Quest Name="DummyCollectfromGameObject" Id="123456" >
		<Objective Type="CollectItem" ItemId="1" Name="Item" CollectCount="1">
			<CollectFrom>
				<CustomBehavior File="InteractWith" WaitTime="9000" Name="GameObject" Id="1"/>
			</CollectFrom>
			<Hotspots>
				<Hotspot X="1" Y="1" Z="1" />
			</Hotspots>
		</Objective>
	</Quest>

	<Quest Name="DummyCollectfromMob" Id="123456" >
		<Objective Type="CollectItem" ItemId="1" Name="Item" CollectCount="1">
			<CollectFrom>
				<Mob Name="Mob"  Id="1" />
			</CollectFrom>
			<Hotspots>
				<Hotspot X="1" Y="1" Z="1" />
			</Hotspots>
		</Objective>
	</Quest>

	<!-- 
A comment:
				<CustomBehavior File="ForcedDismount" />
				Nav="Fly" 
				/dump IsQuestFlaggedCompleted(11350)
-->

</HBProfile>